{
  "editable": true,
  "gnetId": null,
  "graphTooltip": 0,
  "id": null,
  "links": [],
  "panels": [
    {
      "collapsed": false,
      "datasource": null,
      "fieldConfig": {
        "defaults": {},
        "overrides": []
      },
      "gridPos": {
        "h": 1,
        "w": 24,
        "x": 0,
        "y": 0
      },
      "id": 8,
      "panels": [],
      "title": "Modbus Tank Data",
      "type": "row"
    },
    {
      "cacheTimeout": null,
      "datasource": "InfluxDB",
      "fieldConfig": {
        "defaults": {
          "color": {
            "mode": "thresholds"
          },
          "mappings": [
            {
              "options": {
                "match": "null",
                "result": {
                  "text": "N/A"
                }
              },
              "type": "special"
            }
          ],
          "max": 100,
          "min": 0,
          "thresholds": {
            "mode": "absolute",
            "steps": [
              {
                "color": "#299c46",
                "value": null
              },
              {
                "color": "rgba(237, 129, 40, 0.89)",
                "value": 60
              },
              {
                "color": "#d44a3a",
                "value": 80
              }
            ]
          },
          "unit": "celsius"
        },
        "overrides": []
      },
      "gridPos": {
        "h": 6,
        "w": 3,
        "x": 0,
        "y": 1
      },
      "id": 10,
      "interval": null,
      "links": [],
      "maxDataPoints": 1,
      "options": {
        "orientation": "horizontal",
        "reduceOptions": {
          "calcs": [
            "last"
          ],
          "fields": "",
          "values": false
        },
        "showThresholdLabels": false,
        "showThresholdMarkers": true,
        "text": {}
      },
      "pluginVersion": "8.1.2",
      "targets": [
        {
          "query": "from(bucket: \"my-bucket\")\n  |> range(start: -5s)\n  |> filter(fn: (r) => r[\"resourceName\"] == \"Temperature\")\n  |> group(columns: [\"resourceName\"])\n  |> sort(columns: [\"_time\"])",
          "refId": "A"
        }
      ],
      "title": "Temperature",
      "type": "gauge"
    },
    {
      "cacheTimeout": null,
      "datasource": "InfluxDB",
      "fieldConfig": {
        "defaults": {
          "color": {
            "mode": "thresholds"
          },
          "mappings": [
            {
              "options": {
                "match": "null",
                "result": {
                  "text": "N/A"
                }
              },
              "type": "special"
            }
          ],
          "max": 100,
          "min": 0,
          "thresholds": {
            "mode": "absolute",
            "steps": [
              {
                "color": "#299c46",
                "value": null
              },
              {
                "color": "rgba(237, 129, 40, 0.89)",
                "value": 60
              },
              {
                "color": "#d44a3a",
                "value": 80
              }
            ]
          },
          "unit": "pressurebar"
        },
        "overrides": []
      },
      "gridPos": {
        "h": 6,
        "w": 3,
        "x": 3,
        "y": 1
      },
      "id": 11,
      "interval": null,
      "links": [],
      "maxDataPoints": 100,
      "options": {
        "orientation": "horizontal",
        "reduceOptions": {
          "calcs": [
            "lastNotNull"
          ],
          "fields": "",
          "values": false
        },
        "showThresholdLabels": false,
        "showThresholdMarkers": true,
        "text": {}
      },
      "pluginVersion": "8.1.2",
      "targets": [
        {
          "groupBy": [],
          "measurement": "readings",
          "orderByTime": "ASC",
          "policy": "default",
          "query": "from(bucket: \"my-bucket\")\n  |> range(start: -5s)\n  |> filter(fn: (r) => r[\"resourceName\"] == \"Pressure\")\n  |> group(columns: [\"resourceName\"])\n  |> sort(columns: [\"_time\"])",
          "refId": "A",
          "resultFormat": "time_series",
          "select": [
            [
              {
                "params": [
                  "value"
                ],
                "type": "field"
              }
            ]
          ],
          "tags": [
            {
              "key": "device",
              "operator": "=",
              "value": "Chemical Tank"
            },
            {
              "condition": "AND",
              "key": "resource_name",
              "operator": "=",
              "value": "Pressure"
            }
          ]
        }
      ],
      "title": "Pressure",
      "type": "gauge"
    },
    {
      "aliasColors": {},
      "bars": false,
      "dashLength": 10,
      "dashes": false,
      "datasource": "InfluxDB",
      "fill": 1,
      "fillGradient": 0,
      "gridPos": {
        "h": 10,
        "w": 12,
        "x": 6,
        "y": 1
      },
      "hiddenSeries": false,
      "id": 4,
      "legend": {
        "alignAsTable": false,
        "avg": false,
        "current": false,
        "max": false,
        "min": false,
        "show": true,
        "total": false,
        "values": false
      },
      "lines": true,
      "linewidth": 1,
      "links": [],
      "nullPointMode": "null",
      "options": {
        "alertThreshold": true
      },
      "percentage": false,
      "pluginVersion": "8.1.2",
      "pointradius": 5,
      "points": false,
      "renderer": "flot",
      "seriesOverrides": [],
      "spaceLength": 10,
      "stack": false,
      "steppedLine": false,
      "targets": [
        {
          "alias": "Temperature",
          "groupBy": [],
          "measurement": "readings",
          "orderByTime": "ASC",
          "policy": "default",
          "query": "from(bucket: \"my-bucket\")\n  |> range(start: -2m)\n  |> filter(fn: (r) => r[\"resourceName\"] == \"Temperature\")\n  |> group(columns: [\"resourceName\"])\n  |> sort(columns: [\"_time\"])\n  |> drop(columns: [\"_field\", \"_measurement\", \"event_id\", \"deviceName\"])",
          "refId": "A",
          "resultFormat": "time_series",
          "select": [
            [
              {
                "params": [
                  "value"
                ],
                "type": "field"
              }
            ]
          ],
          "tags": [
            {
              "key": "device",
              "operator": "=",
              "value": "Chemical Tank"
            },
            {
              "condition": "AND",
              "key": "resource_name",
              "operator": "=",
              "value": "Temperature"
            }
          ]
        },
        {
          "alias": "Pressure",
          "groupBy": [],
          "measurement": "readings",
          "orderByTime": "ASC",
          "policy": "default",
          "query": "from(bucket: \"my-bucket\")\n  |> range(start: -2m)\n  |> filter(fn: (r) => r[\"resourceName\"] == \"Pressure\")\n  |> group(columns: [\"resourceName\"])\n  |> sort(columns: [\"_time\"])\n  |> drop(columns: [\"_field\", \"_measurement\", \"event_id\", \"deviceName\"])",
          "refId": "B",
          "resultFormat": "time_series",
          "select": [
            [
              {
                "params": [
                  "value"
                ],
                "type": "field"
              }
            ]
          ],
          "tags": [
            {
              "key": "device",
              "operator": "=",
              "value": "Chemical Tank"
            },
            {
              "condition": "AND",
              "key": "resource_name",
              "operator": "=",
              "value": "Pressure"
            }
          ]
        },
        {
          "alias": "Level",
          "groupBy": [],
          "measurement": "readings",
          "orderByTime": "ASC",
          "policy": "default",
          "query": "from(bucket: \"my-bucket\")\n  |> range(start: -2m)\n  |> filter(fn: (r) => r[\"resourceName\"] == \"Level\")\n  |> group(columns: [\"resourceName\"])\n  |> sort(columns: [\"_time\"])\n  |> drop(columns: [\"_field\", \"_measurement\", \"event_id\", \"deviceName\"])",
          "refId": "C",
          "resultFormat": "time_series",
          "select": [
            [
              {
                "params": [
                  "value"
                ],
                "type": "field"
              }
            ]
          ],
          "tags": [
            {
              "key": "device",
              "operator": "=",
              "value": "Chemical Tank"
            },
            {
              "condition": "AND",
              "key": "resource_name",
              "operator": "=",
              "value": "Level"
            }
          ]
        }
      ],
      "thresholds": [],
      "timeFrom": null,
      "timeRegions": [],
      "timeShift": null,
      "title": "Live Tank Info",
      "tooltip": {
        "shared": true,
        "sort": 0,
        "value_type": "individual"
      },
      "type": "graph",
      "xaxis": {
        "buckets": null,
        "mode": "time",
        "name": null,
        "show": true,
        "values": []
      },
      "yaxes": [
        {
          "$$hashKey": "object:57",
          "format": "short",
          "label": null,
          "logBase": 1,
          "max": null,
          "min": null,
          "show": true
        },
        {
          "$$hashKey": "object:58",
          "format": "short",
          "label": null,
          "logBase": 1,
          "max": null,
          "min": null,
          "show": true
        }
      ],
      "yaxis": {
        "align": false,
        "alignLevel": null
      }
    },
    {
      "columns": [],
      "datasource": "InfluxDB",
      "fontSize": "100%",
      "gridPos": {
        "h": 10,
        "w": 5,
        "x": 18,
        "y": 1
      },
      "id": 6,
      "links": [],
      "pageSize": null,
      "scroll": true,
      "showHeader": true,
      "sort": {
        "col": 0,
        "desc": true
      },
      "styles": [
        {
          "$$hashKey": "object:554",
          "alias": "Time",
          "align": "auto",
          "dateFormat": "YYYY-MM-DD HH:mm:ss",
          "pattern": "Time",
          "type": "date"
        },
        {
          "$$hashKey": "object:555",
          "alias": "",
          "align": "auto",
          "colorMode": null,
          "colors": [
            "rgba(245, 54, 54, 0.9)",
            "rgba(237, 129, 40, 0.89)",
            "rgba(50, 172, 45, 0.97)"
          ],
          "decimals": 2,
          "pattern": "/.*/",
          "thresholds": [],
          "type": "number",
          "unit": "short"
        }
      ],
      "targets": [
        {
          "groupBy": [],
          "measurement": "readings",
          "orderByTime": "ASC",
          "policy": "default",
          "query": "from(bucket: \"my-bucket\")\n  |> range(start: -30s)\n  |> filter(fn: (r) => r[\"resourceName\"] == \"Temperature\")\n  |> group(columns: [\"resourceName\"])\n  |> sort(columns: [\"_time\"])\n  |> drop(columns: [\"_field\", \"_measurement\", \"event_id\", \"deviceName\"])\n",
          "refId": "A",
          "resultFormat": "time_series",
          "select": [
            [
              {
                "params": [
                  "value"
                ],
                "type": "field"
              }
            ]
          ],
          "tags": [
            {
              "key": "device",
              "operator": "=",
              "value": "Chemical Tank"
            },
            {
              "condition": "AND",
              "key": "resource_name",
              "operator": "=",
              "value": "Temperature"
            }
          ]
        }
      ],
      "title": "Temperature Table",
      "transform": "timeseries_to_rows",
      "type": "table-old"
    },
    {
      "cacheTimeout": null,
      "datasource": "InfluxDB",
      "fieldConfig": {
        "defaults": {
          "color": {
            "mode": "thresholds"
          },
          "mappings": [
            {
              "options": {
                "match": "null",
                "result": {
                  "text": "N/A"
                }
              },
              "type": "special"
            }
          ],
          "thresholds": {
            "mode": "absolute",
            "steps": [
              {
                "color": "#299c46",
                "value": null
              },
              {
                "color": "rgba(237, 129, 40, 0.89)",
                "value": 60
              },
              {
                "color": "#d44a3a",
                "value": 80
              }
            ]
          },
          "unit": "celsius"
        },
        "overrides": []
      },
      "gridPos": {
        "h": 2,
        "w": 3,
        "x": 0,
        "y": 7
      },
      "hideTimeOverride": true,
      "id": 17,
      "interval": null,
      "links": [],
      "maxDataPoints": 100,
      "options": {
        "colorMode": "none",
        "graphMode": "none",
        "justifyMode": "auto",
        "orientation": "horizontal",
        "reduceOptions": {
          "calcs": [
            "mean"
          ],
          "fields": "",
          "values": false
        },
        "text": {},
        "textMode": "auto"
      },
      "pluginVersion": "8.1.2",
      "targets": [
        {
          "groupBy": [],
          "measurement": "readings",
          "orderByTime": "ASC",
          "policy": "default",
          "query": "from(bucket: \"my-bucket\")\n  |> range(start: -30s)\n  |> filter(fn: (r) => r[\"resourceName\"] == \"Temperature\")\n  |> group(columns: [\"resourceName\"])\n  |> sort(columns: [\"_time\"])",
          "refId": "A",
          "resultFormat": "time_series",
          "select": [
            [
              {
                "params": [
                  "value"
                ],
                "type": "field"
              },
              {
                "params": [],
                "type": "min"
              }
            ]
          ],
          "tags": [
            {
              "key": "device",
              "operator": "=",
              "value": "Chemical Tank"
            },
            {
              "condition": "AND",
              "key": "resource_name",
              "operator": "=",
              "value": "Temperature"
            }
          ]
        }
      ],
      "timeFrom": "30s",
      "title": "Min (last 30 secs)",
      "type": "stat"
    },
    {
      "cacheTimeout": null,
      "datasource": "InfluxDB",
      "fieldConfig": {
        "defaults": {
          "color": {
            "mode": "thresholds"
          },
          "mappings": [
            {
              "options": {
                "match": "null",
                "result": {
                  "text": "N/A"
                }
              },
              "type": "special"
            }
          ],
          "thresholds": {
            "mode": "absolute",
            "steps": [
              {
                "color": "#299c46",
                "value": null
              },
              {
                "color": "rgba(237, 129, 40, 0.89)",
                "value": 60
              },
              {
                "color": "#d44a3a",
                "value": 80
              }
            ]
          },
          "unit": "pressurebar"
        },
        "overrides": []
      },
      "gridPos": {
        "h": 2,
        "w": 3,
        "x": 3,
        "y": 7
      },
      "hideTimeOverride": true,
      "id": 19,
      "interval": null,
      "links": [],
      "maxDataPoints": 100,
      "options": {
        "colorMode": "none",
        "graphMode": "none",
        "justifyMode": "auto",
        "orientation": "horizontal",
        "reduceOptions": {
          "calcs": [
            "mean"
          ],
          "fields": "",
          "values": false
        },
        "text": {},
        "textMode": "auto"
      },
      "pluginVersion": "8.1.2",
      "targets": [
        {
          "groupBy": [],
          "measurement": "readings",
          "orderByTime": "ASC",
          "policy": "default",
          "query": "from(bucket: \"my-bucket\")\n  |> range(start: -30s)\n  |> filter(fn: (r) => r[\"resourceName\"] == \"Pressure\")\n  |> group(columns: [\"resourceName\"])\n  |> sort(columns: [\"_time\"])",
          "refId": "A",
          "resultFormat": "time_series",
          "select": [
            [
              {
                "params": [
                  "value"
                ],
                "type": "field"
              },
              {
                "params": [],
                "type": "mean"
              }
            ]
          ],
          "tags": [
            {
              "key": "device",
              "operator": "=",
              "value": "Chemical Tank"
            },
            {
              "condition": "AND",
              "key": "resource_name",
              "operator": "=",
              "value": "Pressure"
            }
          ]
        }
      ],
      "timeFrom": "30s",
      "title": "Mean (last 30 secs)",
      "type": "stat"
    },
    {
      "cacheTimeout": null,
      "datasource": "InfluxDB",
      "fieldConfig": {
        "defaults": {
          "color": {
            "mode": "thresholds"
          },
          "mappings": [
            {
              "options": {
                "match": "null",
                "result": {
                  "text": "N/A"
                }
              },
              "type": "special"
            }
          ],
          "thresholds": {
            "mode": "absolute",
            "steps": [
              {
                "color": "#299c46",
                "value": null
              },
              {
                "color": "rgba(237, 129, 40, 0.89)",
                "value": 60
              },
              {
                "color": "#d44a3a",
                "value": 80
              }
            ]
          },
          "unit": "celsius"
        },
        "overrides": []
      },
      "gridPos": {
        "h": 2,
        "w": 3,
        "x": 0,
        "y": 9
      },
      "hideTimeOverride": true,
      "id": 18,
      "interval": null,
      "links": [],
      "maxDataPoints": 100,
      "options": {
        "colorMode": "none",
        "graphMode": "none",
        "justifyMode": "auto",
        "orientation": "horizontal",
        "reduceOptions": {
          "calcs": [
            "max"
          ],
          "fields": "",
          "values": false
        },
        "text": {},
        "textMode": "auto"
      },
      "pluginVersion": "8.1.2",
      "targets": [
        {
          "groupBy": [],
          "measurement": "readings",
          "orderByTime": "ASC",
          "policy": "default",
          "query": "from(bucket: \"my-bucket\")\n  |> range(start: -30s)\n  |> filter(fn: (r) => r[\"resourceName\"] == \"Temperature\")\n  |> group(columns: [\"resourceName\"])\n  |> sort(columns: [\"_time\"])",
          "refId": "A",
          "resultFormat": "time_series",
          "select": [
            [
              {
                "params": [
                  "value"
                ],
                "type": "field"
              },
              {
                "params": [],
                "type": "max"
              }
            ]
          ],
          "tags": [
            {
              "key": "device",
              "operator": "=",
              "value": "Chemical Tank"
            },
            {
              "condition": "AND",
              "key": "resource_name",
              "operator": "=",
              "value": "Temperature"
            }
          ]
        }
      ],
      "timeFrom": "30s",
      "title": "Max (last 30 secs)",
      "type": "stat"
    },
    {
      "cacheTimeout": null,
      "datasource": "InfluxDB",
      "fieldConfig": {
        "defaults": {
          "color": {
            "mode": "thresholds"
          },
          "mappings": [
            {
              "options": {
                "match": "null",
                "result": {
                  "text": "N/A"
                }
              },
              "type": "special"
            }
          ],
          "thresholds": {
            "mode": "absolute",
            "steps": [
              {
                "color": "#299c46",
                "value": null
              },
              {
                "color": "rgba(237, 129, 40, 0.89)",
                "value": 60
              },
              {
                "color": "#d44a3a",
                "value": 80
              }
            ]
          },
          "unit": "pressurebar"
        },
        "overrides": []
      },
      "gridPos": {
        "h": 2,
        "w": 3,
        "x": 3,
        "y": 9
      },
      "hideTimeOverride": true,
      "id": 20,
      "interval": null,
      "links": [],
      "maxDataPoints": 100,
      "options": {
        "colorMode": "none",
        "graphMode": "none",
        "justifyMode": "auto",
        "orientation": "horizontal",
        "reduceOptions": {
          "calcs": [
            "range"
          ],
          "fields": "",
          "values": false
        },
        "text": {},
        "textMode": "auto"
      },
      "pluginVersion": "8.1.2",
      "targets": [
        {
          "groupBy": [],
          "measurement": "readings",
          "orderByTime": "ASC",
          "policy": "default",
          "query": "from(bucket: \"my-bucket\")\n  |> range(start: -30s)\n  |> filter(fn: (r) => r[\"resourceName\"] == \"Pressure\")\n  |> group(columns: [\"resourceName\"])\n  |> sort(columns: [\"_time\"])",
          "refId": "A",
          "resultFormat": "time_series",
          "select": [
            [
              {
                "params": [
                  "value"
                ],
                "type": "field"
              },
              {
                "params": [],
                "type": "mode"
              }
            ]
          ],
          "tags": [
            {
              "key": "device",
              "operator": "=",
              "value": "Chemical Tank"
            },
            {
              "condition": "AND",
              "key": "resource_name",
              "operator": "=",
              "value": "Pressure"
            }
          ]
        }
      ],
      "timeFrom": "30s",
      "title": "Range (last 30 secs)",
      "type": "stat"
    },
    {
      "collapsed": false,
      "datasource": null,
      "fieldConfig": {
        "defaults": {},
        "overrides": []
      },
      "gridPos": {
        "h": 1,
        "w": 24,
        "x": 0,
        "y": 11
      },
      "id": 13,
      "panels": [],
      "title": "OPC-UA Valve Data",
      "type": "row"
    },
    {
      "cacheTimeout": null,
      "datasource": "InfluxDB",
      "fieldConfig": {
        "defaults": {
          "color": {
            "mode": "thresholds"
          },
          "mappings": [
            {
              "options": {
                "0": {
                  "text": "OFF"
                },
                "1": {
                  "text": "ON"
                }
              },
              "type": "value"
            }
          ],
          "thresholds": {
            "mode": "absolute",
            "steps": [
              {
                "color": "#d44a3a",
                "value": null
              },
              {
                "color": "rgba(237, 129, 40, 0.89)",
                "value": 0
              },
              {
                "color": "#299c46",
                "value": 2
              }
            ]
          },
          "unit": "pressurebar"
        },
        "overrides": []
      },
      "gridPos": {
        "h": 8,
        "w": 6,
        "x": 0,
        "y": 12
      },
      "id": 14,
      "interval": null,
      "links": [],
      "maxDataPoints": 100,
      "options": {
        "colorMode": "none",
        "graphMode": "none",
        "justifyMode": "auto",
        "orientation": "horizontal",
        "reduceOptions": {
          "calcs": [
            "lastNotNull"
          ],
          "fields": "",
          "values": false
        },
        "text": {
          "valueSize": 70
        },
        "textMode": "auto"
      },
      "pluginVersion": "8.1.2",
      "targets": [
        {
          "groupBy": [],
          "measurement": "readings",
          "orderByTime": "ASC",
          "policy": "default",
          "query": "from(bucket: \"my-bucket\")\n  |> range(start: -3s)\n  |> filter(fn: (r) => r[\"resourceName\"] == \"Setting\")\n  |> group(columns: [\"resourceName\"])\n  |> sort(columns: [\"_time\"])\n",
          "refId": "A",
          "resultFormat": "time_series",
          "select": [
            [
              {
                "params": [
                  "value"
                ],
                "type": "field"
              }
            ]
          ],
          "tags": [
            {
              "key": "device",
              "operator": "=",
              "value": "Outlet Valve"
            },
            {
              "condition": "AND",
              "key": "resource_name",
              "operator": "=",
              "value": "Setting"
            }
          ]
        }
      ],
      "title": "Setting",
      "type": "stat"
    },
    {
      "aliasColors": {},
      "bars": false,
      "dashLength": 10,
      "dashes": false,
      "datasource": "InfluxDB",
      "fill": 1,
      "fillGradient": 0,
      "gridPos": {
        "h": 8,
        "w": 12,
        "x": 6,
        "y": 12
      },
      "hiddenSeries": false,
      "id": 15,
      "legend": {
        "avg": false,
        "current": false,
        "max": false,
        "min": false,
        "show": false,
        "total": false,
        "values": false
      },
      "lines": true,
      "linewidth": 1,
      "links": [],
      "nullPointMode": "null",
      "options": {
        "alertThreshold": true
      },
      "percentage": false,
      "pluginVersion": "8.1.2",
      "pointradius": 5,
      "points": false,
      "renderer": "flot",
      "seriesOverrides": [],
      "spaceLength": 10,
      "stack": false,
      "steppedLine": false,
      "targets": [
        {
          "alias": "Engine OPC UA",
          "groupBy": [],
          "measurement": "readings",
          "orderByTime": "ASC",
          "policy": "default",
          "query": "from(bucket: \"my-bucket\")\n  |> range(start: -2m)\n  |> filter(fn: (r) => r[\"resourceName\"] == \"Setting\")\n  |> group(columns: [\"resourceName\"])\n  |> sort(columns: [\"_time\"])\n",
          "refId": "A",
          "resultFormat": "time_series",
          "select": [
            [
              {
                "params": [
                  "value"
                ],
                "type": "field"
              }
            ]
          ],
          "tags": [
            {
              "key": "device",
              "operator": "=",
              "value": "Outlet Valve"
            },
            {
              "condition": "AND",
              "key": "resource_name",
              "operator": "=",
              "value": "Setting"
            }
          ]
        }
      ],
      "thresholds": [],
      "timeFrom": null,
      "timeRegions": [],
      "timeShift": null,
      "title": "Live Valve Data",
      "tooltip": {
        "shared": true,
        "sort": 0,
        "value_type": "individual"
      },
      "type": "graph",
      "xaxis": {
        "buckets": null,
        "mode": "time",
        "name": null,
        "show": true,
        "values": []
      },
      "yaxes": [
        {
          "$$hashKey": "object:872",
          "format": "short",
          "label": null,
          "logBase": 1,
          "max": null,
          "min": null,
          "show": true
        },
        {
          "$$hashKey": "object:873",
          "format": "short",
          "label": null,
          "logBase": 1,
          "max": null,
          "min": null,
          "show": true
        }
      ],
      "yaxis": {
        "align": false,
        "alignLevel": null
      }
    },
    {
      "columns": [],
      "datasource": "InfluxDB",
      "fontSize": "100%",
      "gridPos": {
        "h": 8,
        "w": 5,
        "x": 18,
        "y": 12
      },
      "id": 16,
      "links": [],
      "pageSize": null,
      "scroll": true,
      "showHeader": true,
      "sort": {
        "col": 0,
        "desc": true
      },
      "styles": [
        {
          "$$hashKey": "object:913",
          "alias": "Time",
          "align": "auto",
          "dateFormat": "YYYY-MM-DD HH:mm:ss",
          "pattern": "Time",
          "type": "date"
        },
        {
          "$$hashKey": "object:914",
          "alias": "",
          "align": "auto",
          "colorMode": null,
          "colors": [
            "rgba(245, 54, 54, 0.9)",
            "rgba(237, 129, 40, 0.89)",
            "rgba(50, 172, 45, 0.97)"
          ],
          "decimals": 2,
          "pattern": "/.*/",
          "thresholds": [],
          "type": "number",
          "unit": "short"
        }
      ],
      "targets": [
        {
          "groupBy": [],
          "measurement": "readings",
          "orderByTime": "ASC",
          "policy": "default",
          "query": "from(bucket: \"my-bucket\")\n  |> range(start: -30s)\n  |> filter(fn: (r) => r[\"resourceName\"] == \"Setting\")\n  |> group(columns: [\"resourceName\"])\n  |> sort(columns: [\"_time\"])\n  |> drop(columns: [\"_field\", \"_measurement\", \"event_id\", \"deviceName\"])\n",
          "refId": "A",
          "resultFormat": "time_series",
          "select": [
            [
              {
                "params": [
                  "value"
                ],
                "type": "field"
              }
            ]
          ],
          "tags": [
            {
              "key": "device",
              "operator": "=",
              "value": "Outlet Valve"
            },
            {
              "condition": "AND",
              "key": "resource_name",
              "operator": "=",
              "value": "Setting"
            }
          ]
        }
      ],
      "title": "Setting Table",
      "transform": "timeseries_to_rows",
      "type": "table-old"
    }
  ],
  "refresh": "5s",
  "schemaVersion": 30,
  "style": "dark",
  "tags": [],
  "templating": {
    "list": []
  },
  "time": {
    "from": "now-2m",
    "to": "now"
  },
  "timepicker": {
    "refresh_intervals": [
      "5s",
      "10s",
      "30s",
      "1m",
      "5m",
      "15m",
      "30m",
      "1h",
      "2h",
      "1d"
    ],
    "time_options": [
      "5m",
      "15m",
      "1h",
      "6h",
      "12h",
      "24h",
      "2d",
      "7d",
      "30d"
    ]
  },
  "timezone": "",
  "title": "Chemical Tank Dashboard",
  "uid": "_6OKnhHnk",
  "version": 2
}
