{
  "name": "example-datatype",
  "description": "Example device that sends generic float/int/JSON values autonomously",
  "apiVersion": "v2",

  "deviceResources":
  [
    {
      "name": "float",
      "description": "Float64 value",
      "properties": { "valueType": "Float64", "readWrite": "RW" }
    },
    {
      "name": "int",
      "description": "Int32 value",
      "properties": { "valueType": "Int32", "readWrite": "RW" }
    },
    {
      "name": "json",
      "description": "JSON message",
      "properties": { "valueType": "String", "readWrite": "RW" }
    }
  ],
  "deviceCommands":
  [
    {
      "name": "cmd",
      "readWrite": "RW",
      "resourceOperations":
      [
        { "deviceResource": "int" },
        { "deviceResource": "float" },
        { "deviceResource": "json" }
      ]
    }
  ]
}
